INSERT INTO USER_GROUPS(USER_GROUP, DESCRIPT, CREATED_DATE, MODIFIED_DATE) 
VALUES('patient', 'patient', now(), now());
INSERT INTO USER_GROUPS(USER_GROUP, DESCRIPT, CREATED_DATE, MODIFIED_DATE) 
VALUES('reception', 'receptionist has access to system', now(), now());
INSERT INTO USER_GROUPS(USER_GROUP, DESCRIPT, CREATED_DATE, MODIFIED_DATE) 
VALUES('med_staff', 'The group formed by docs. and nurses', now(), now());

INSERT INTO DATES(APPO_DATE, APPO_TIME) VALUES('2015/08/29', '09:30');
INSERT INTO DATES(APPO_DATE, APPO_TIME) VALUES('2015/08/29', '09:40');
INSERT INTO DATES(APPO_DATE, APPO_TIME) VALUES('2015/08/29', '09:50');
INSERT INTO DATES(APPO_DATE, APPO_TIME) VALUES('2015/08/29', '10:00');
INSERT INTO DATES(APPO_DATE, APPO_TIME) VALUES('2015/08/29', '10:10');
INSERT INTO DATES(APPO_DATE, APPO_TIME) VALUES('2015/08/29', '10:20');
INSERT INTO DATES(APPO_DATE, APPO_TIME) VALUES('2015/08/29', '10:30');
INSERT INTO DATES(APPO_DATE, APPO_TIME) VALUES('2015/08/29', '10:40');
INSERT INTO DATES(APPO_DATE, APPO_TIME) VALUES('2015/08/29', '10:50');
INSERT INTO DATES(APPO_DATE, APPO_TIME) VALUES('2015/08/29', '11:00');
INSERT INTO DATES(APPO_DATE, APPO_TIME) VALUES('2015/08/29', '11:10');
INSERT INTO DATES(APPO_DATE, APPO_TIME) VALUES('2015/08/29', '11:20');
INSERT INTO DATES(APPO_DATE, APPO_TIME) VALUES('2015/08/29', '11:30');
INSERT INTO DATES(APPO_DATE, APPO_TIME) VALUES('2015/08/29', '11:40');
INSERT INTO DATES(APPO_DATE, APPO_TIME) VALUES('2015/08/29', '11:50');
INSERT INTO DATES(APPO_DATE, APPO_TIME) VALUES('2015/08/29', '12:00');
INSERT INTO DATES(APPO_DATE, APPO_TIME) VALUES('2015/08/29', '12:10');
INSERT INTO DATES(APPO_DATE, APPO_TIME) VALUES('2015/08/29', '12:20');
INSERT INTO DATES(APPO_DATE, APPO_TIME) VALUES('2015/08/29', '12:30');
INSERT INTO DATES(APPO_DATE, APPO_TIME) VALUES('2015/08/29', '12:40');
INSERT INTO DATES(APPO_DATE, APPO_TIME) VALUES('2015/08/29', '12:50');
INSERT INTO DATES(APPO_DATE, APPO_TIME) VALUES('2015/08/29', '13:00');
INSERT INTO DATES(APPO_DATE, APPO_TIME) VALUES('2015/08/29', '13:10');
INSERT INTO DATES(APPO_DATE, APPO_TIME) VALUES('2015/08/29', '13:20');
INSERT INTO DATES(APPO_DATE, APPO_TIME) VALUES('2015/08/29', '13:30');
INSERT INTO DATES(APPO_DATE, APPO_TIME) VALUES('2015/08/29', '13:40');
INSERT INTO DATES(APPO_DATE, APPO_TIME) VALUES('2015/08/29', '13:50');
INSERT INTO DATES(APPO_DATE, APPO_TIME) VALUES('2015/08/29', '14:00');
INSERT INTO DATES(APPO_DATE, APPO_TIME) VALUES('2015/08/29', '14:10');
INSERT INTO DATES(APPO_DATE, APPO_TIME) VALUES('2015/08/29', '14:20');
INSERT INTO DATES(APPO_DATE, APPO_TIME) VALUES('2015/08/29', '14:30');
INSERT INTO DATES(APPO_DATE, APPO_TIME) VALUES('2015/08/29', '14:40');
INSERT INTO DATES(APPO_DATE, APPO_TIME) VALUES('2015/08/29', '14:50');
INSERT INTO DATES(APPO_DATE, APPO_TIME) VALUES('2015/08/29', '15:00');
INSERT INTO DATES(APPO_DATE, APPO_TIME) VALUES('2015/08/29', '15:10');
INSERT INTO DATES(APPO_DATE, APPO_TIME) VALUES('2015/08/29', '15:20');
INSERT INTO DATES(APPO_DATE, APPO_TIME) VALUES('2015/08/29', '15:30');
INSERT INTO DATES(APPO_DATE, APPO_TIME) VALUES('2015/08/29', '15:40');
INSERT INTO DATES(APPO_DATE, APPO_TIME) VALUES('2015/08/29', '15:50');
INSERT INTO DATES(APPO_DATE, APPO_TIME) VALUES('2015/08/29', '16:00');
INSERT INTO DATES(APPO_DATE, APPO_TIME) VALUES('2015/08/29', '16:10');
INSERT INTO DATES(APPO_DATE, APPO_TIME) VALUES('2015/08/29', '16:20');
INSERT INTO DATES(APPO_DATE, APPO_TIME) VALUES('2015/08/29', '16:30');
INSERT INTO DATES(APPO_DATE, APPO_TIME) VALUES('2015/08/29', '16:40');
INSERT INTO DATES(APPO_DATE, APPO_TIME) VALUES('2015/08/29', '16:50');
INSERT INTO DATES(APPO_DATE, APPO_TIME) VALUES('2015/08/29', '17:00');
INSERT INTO DATES(APPO_DATE, APPO_TIME) VALUES('2015/08/29', '17:10');
INSERT INTO DATES(APPO_DATE, APPO_TIME) VALUES('2015/08/29', '17:20');
INSERT INTO DATES(APPO_DATE, APPO_TIME) VALUES('2015/08/29', '17:30');
INSERT INTO DATES(APPO_DATE, APPO_TIME) VALUES('2015/08/29', '17:40');
INSERT INTO DATES(APPO_DATE, APPO_TIME) VALUES('2015/08/29', '17:50');

INSERT INTO med_staff (MED_ID, ROOM, MED_CLASS, CREATED_DATE, MODIFIED_DATE) VALUES (8001, '201', 'nur', '2015-09-06 14:05:27', '2015-09-06 14:05:27');
INSERT INTO med_staff (MED_ID,  ROOM,  MED_CLASS,  CREATED_DATE,  MODIFIED_DATE) VALUES (8002,  '202', 'nur', '2015-09-06 14:14:09', '2015-09-06 14:14:09');
INSERT INTO med_staff (MED_ID, ROOM, MED_CLASS, CREATED_DATE, MODIFIED_DATE) VALUES (8003, '203', 'nur', '2015-09-06 14:15:20', '2015-09-06 14:15:20');
INSERT INTO med_staff (MED_ID, ROOM, MED_CLASS, CREATED_DATE, MODIFIED_DATE) VALUES (8004, '204', 'nur', '2015-09-06 14:16:15', '2015-09-06 14:16:15');
INSERT INTO med_staff (MED_ID, ROOM, MED_CLASS, CREATED_DATE, MODIFIED_DATE) VALUES (8005, '205', 'nur', '2015-09-06 14:18:21', '2015-09-06 14:18:21');
INSERT INTO med_staff (MED_ID, ROOM, MED_CLASS, CREATED_DATE, MODIFIED_DATE) VALUES (9001, '101', 'doc', '2015-09-06 13:34:32', '2015-09-06 13:34:32');
INSERT INTO med_staff (MED_ID, ROOM, MED_CLASS, CREATED_DATE, MODIFIED_DATE) VALUES (9002, '102', 'doc', '2015-09-06 13:45:41', '2015-09-06 13:45:41');
INSERT INTO med_staff (MED_ID, ROOM, MED_CLASS, CREATED_DATE, MODIFIED_DATE) VALUES (9003, '103', 'doc', '2015-09-06 13:49:54', '2015-09-06 13:49:54');
INSERT INTO med_staff (MED_ID, ROOM, MED_CLASS, CREATED_DATE, MODIFIED_DATE) VALUES (9004, '104', 'doc', '2015-09-06 14:02:55', '2015-09-06 14:02:55');
INSERT INTO med_staff (MED_ID, ROOM, MED_CLASS, CREATED_DATE, MODIFIED_DATE) VALUES (9005, '105', 'doc', '2015-09-06 14:04:01', '2015-09-06 14:04:01');

INSERT INTO user (NHS_NO, NAME, SURNAME, ADDRESS, TELEPHONE, MOBILEPHONE, GENDER, ETHNICITY, DOB, MED_ID, CREATED_DATE, MODIFIED_DATE) VALUES (111111, 'First', 'Patient', 'Any', 952111111, 666111111, 'male', NULL, '1981-01-01', NULL, '2015-09-06 12:40:53', '2015-09-06 12:40:53');
INSERT INTO user (NHS_NO, NAME, SURNAME, ADDRESS, TELEPHONE, MOBILEPHONE, GENDER, ETHNICITY, DOB, MED_ID, CREATED_DATE, MODIFIED_DATE) VALUES (222222, 'Second', 'Patient', 'One', 952222222, 666222222, 'female', NULL, '1982-02-02', NULL, '2015-09-06 12:44:07', '2015-09-06 12:44:07');
INSERT INTO user (NHS_NO, NAME, SURNAME, ADDRESS, TELEPHONE, MOBILEPHONE, GENDER, ETHNICITY, DOB, MED_ID, CREATED_DATE, MODIFIED_DATE) VALUES (333333, 'Third', 'Patient', 'Another', 952333333, 666333333, 'male', NULL, '1983-03-03', NULL, '2015-09-06 12:44:52', '2015-09-06 12:44:52');
INSERT INTO user (NHS_NO, NAME, SURNAME, ADDRESS, TELEPHONE, MOBILEPHONE, GENDER, ETHNICITY, DOB, MED_ID, CREATED_DATE, MODIFIED_DATE) VALUES (444444, 'Forth', 'Patient', 'Whatever', 952444444, 666444444, 'female', NULL, '1984-04-04', NULL, '2015-09-06 12:46:32', '2015-09-06 12:46:32');
INSERT INTO user (NHS_NO, NAME, SURNAME, ADDRESS, TELEPHONE, MOBILEPHONE, GENDER, ETHNICITY, DOB, MED_ID, CREATED_DATE, MODIFIED_DATE) VALUES (555555, 'Fifth', 'Patient', 'Home', 952555555, 666555555, 'male', NULL, '1985-05-05', NULL, '2015-09-06 12:47:32', '2015-09-06 12:47:32');
INSERT INTO user (NHS_NO, NAME, SURNAME, ADDRESS, TELEPHONE, MOBILEPHONE, GENDER, ETHNICITY, DOB, MED_ID, CREATED_DATE, MODIFIED_DATE) VALUES (888881, 'First', 'Nurse', 'Nurse Street 1', 952888881, 666888881, 'male', NULL, '1970-01-01', 8001, '2015-09-06 14:05:27', '2015-09-06 14:05:27');
INSERT INTO user (NHS_NO, NAME, SURNAME, ADDRESS, TELEPHONE, MOBILEPHONE, GENDER, ETHNICITY, DOB, MED_ID, CREATED_DATE, MODIFIED_DATE) VALUES (888882, 'Second', 'Nurse', 'Nurse Street 2', 952888882, 666888882, 'female', NULL, '1972-02-02', 8002, '2015-09-06 14:14:15', '2015-09-06 14:14:15');
INSERT INTO user (NHS_NO, NAME, SURNAME, ADDRESS, TELEPHONE, MOBILEPHONE, GENDER, ETHNICITY, DOB, MED_ID, CREATED_DATE, MODIFIED_DATE) VALUES (888883, 'Third', 'Nurse', 'Nurse Street 3', 952888883, 666888883, 'male', NULL, '1973-03-03', 8003, '2015-09-06 14:15:20', '2015-09-06 14:15:20');
INSERT INTO user (NHS_NO, NAME, SURNAME, ADDRESS, TELEPHONE, MOBILEPHONE, GENDER, ETHNICITY, DOB, MED_ID, CREATED_DATE, MODIFIED_DATE) VALUES (888884, 'Forth', 'Nurse', 'Nurse Street 4', 952888884, 666888884, 'female', NULL, '1974-04-04', 8004, '2015-09-06 14:16:15', '2015-09-06 14:16:15');
INSERT INTO user (NHS_NO, NAME, SURNAME, ADDRESS, TELEPHONE, MOBILEPHONE, GENDER, ETHNICITY, DOB, MED_ID, CREATED_DATE, MODIFIED_DATE) VALUES (888885, 'Fifth', 'Nurse', 'Nurse Street 5', 952888885, 666888885, 'male', NULL, '1975-05-05', 8005, '2015-09-06 14:18:21', '2015-09-06 14:18:21');
INSERT INTO user (NHS_NO, NAME, SURNAME, ADDRESS, TELEPHONE, MOBILEPHONE, GENDER, ETHNICITY, DOB, MED_ID, CREATED_DATE, MODIFIED_DATE) VALUES (999991, 'First', 'Doctor', 'Somewhere', 952999991, 666999991, 'male', NULL, '1961-01-01', 9001, '2015-09-06 13:34:32', '2015-09-06 13:34:32');
INSERT INTO user (NHS_NO, NAME, SURNAME, ADDRESS, TELEPHONE, MOBILEPHONE, GENDER, ETHNICITY, DOB, MED_ID, CREATED_DATE, MODIFIED_DATE) VALUES (999992, 'Second', 'Doctor', 'Avenue', 952999992, 666999992, 'female', NULL, '1962-02-02', 9002, '2015-09-06 13:45:41', '2015-09-06 13:45:41');
INSERT INTO user (NHS_NO, NAME, SURNAME, ADDRESS, TELEPHONE, MOBILEPHONE, GENDER, ETHNICITY, DOB, MED_ID, CREATED_DATE, MODIFIED_DATE) VALUES (999993, 'Third', 'Doctor', 'No matter', 952999993, 666999993, 'male', NULL, '1963-03-03', 9003, '2015-09-06 13:49:54', '2015-09-06 13:49:54');
INSERT INTO user (NHS_NO, NAME, SURNAME, ADDRESS, TELEPHONE, MOBILEPHONE, GENDER, ETHNICITY, DOB, MED_ID, CREATED_DATE, MODIFIED_DATE) VALUES (999994, 'Forth', 'Doctor', 'Itself', 952999994, 666999994, 'female', NULL, '1964-04-04', 9004, '2015-09-06 14:02:55', '2015-09-06 14:02:55');
INSERT INTO user (NHS_NO, NAME, SURNAME, ADDRESS, TELEPHONE, MOBILEPHONE, GENDER, ETHNICITY, DOB, MED_ID, CREATED_DATE, MODIFIED_DATE) VALUES (999995, 'Fifth', 'Doctor', 'Anywhere', 952999995, 666999995, 'male', NULL, '1965-05-05', 9005, '2015-09-06 14:04:01', '2015-09-06 14:04:01');


INSERT INTO auth (USERNAME, PASSWORD, NHS_NO, USER_GROUP, CREATED_DATE, MODIFIED_DATE) VALUES ('doc1', 'pass1', 999991, 'med_staff', '2015-09-06 13:34:32', '2015-09-06 13:34:32');
INSERT INTO auth (USERNAME, PASSWORD, NHS_NO, USER_GROUP, CREATED_DATE, MODIFIED_DATE) VALUES ('doc2', 'pass2', 999992, 'med_staff', '2015-09-06 13:45:41', '2015-09-06 13:45:41');
INSERT INTO auth (USERNAME, PASSWORD, NHS_NO, USER_GROUP, CREATED_DATE, MODIFIED_DATE) VALUES ('doc3', 'pass3', 999993, 'med_staff', '2015-09-06 13:49:54', '2015-09-06 13:49:54');
INSERT INTO auth (USERNAME, PASSWORD, NHS_NO, USER_GROUP, CREATED_DATE, MODIFIED_DATE) VALUES ('doc4', 'pass4', 999994, 'med_staff', '2015-09-06 14:02:55', '2015-09-06 14:02:55');
INSERT INTO auth (USERNAME, PASSWORD, NHS_NO, USER_GROUP, CREATED_DATE, MODIFIED_DATE) VALUES ('doc5', 'pass5', 999995, 'med_staff', '2015-09-06 14:04:01', '2015-09-06 14:04:01');
INSERT INTO auth (USERNAME, PASSWORD, NHS_NO, USER_GROUP, CREATED_DATE, MODIFIED_DATE) VALUES ('edu6', 'pass6', NULL, 'reception', '2015-09-03 12:33:36', '2015-09-03 12:33:36');
INSERT INTO auth (USERNAME, PASSWORD, NHS_NO, USER_GROUP, CREATED_DATE, MODIFIED_DATE) VALUES ('nur1', 'pass1', 888881, 'med_staff', '2015-09-06 14:05:27', '2015-09-06 14:05:27');
INSERT INTO auth (USERNAME, PASSWORD, NHS_NO, USER_GROUP, CREATED_DATE, MODIFIED_DATE) VALUES ('nur2', 'pass2', 888882, 'med_staff', '2015-09-06 14:14:15', '2015-09-06 14:14:15');
INSERT INTO auth (USERNAME, PASSWORD, NHS_NO, USER_GROUP, CREATED_DATE, MODIFIED_DATE) VALUES ('nur3', 'pass3', 888883, 'med_staff', '2015-09-06 14:15:20', '2015-09-06 14:15:20');
INSERT INTO auth (USERNAME, PASSWORD, NHS_NO, USER_GROUP, CREATED_DATE, MODIFIED_DATE) VALUES ('nur4', 'pass4', 888884, 'med_staff', '2015-09-06 14:16:15', '2015-09-06 14:16:15');
INSERT INTO auth (USERNAME, PASSWORD, NHS_NO, USER_GROUP, CREATED_DATE, MODIFIED_DATE) VALUES ('nur5', 'pass5', 888885, 'med_staff', '2015-09-06 14:18:21', '2015-09-06 14:18:21');
INSERT INTO auth (USERNAME, PASSWORD, NHS_NO, USER_GROUP, CREATED_DATE, MODIFIED_DATE) VALUES ('pat1', 'pass1', 111111, 'patient', '2015-09-06 12:40:53', '2015-09-06 12:40:53');
INSERT INTO auth (USERNAME, PASSWORD, NHS_NO, USER_GROUP, CREATED_DATE, MODIFIED_DATE) VALUES ('pat2', 'pass2', 222222, 'patient', '2015-09-06 12:44:07', '2015-09-06 12:44:07');
INSERT INTO auth (USERNAME, PASSWORD, NHS_NO, USER_GROUP, CREATED_DATE, MODIFIED_DATE) VALUES ('pat3', 'pass3', 333333, 'patient', '2015-09-06 12:44:52', '2015-09-06 12:44:52');
INSERT INTO auth (USERNAME, PASSWORD, NHS_NO, USER_GROUP, CREATED_DATE, MODIFIED_DATE) VALUES ('pat4', 'pass4', 444444, 'patient', '2015-09-06 12:46:32', '2015-09-06 12:46:32');
INSERT INTO auth (USERNAME, PASSWORD, NHS_NO, USER_GROUP, CREATED_DATE, MODIFIED_DATE) VALUES ('pat5', 'pass5', 555555, 'patient', '2015-09-06 12:47:32', '2015-09-06 12:47:32');